,Unnamed: 0,Epitope,mw,aa_count,pi,A,R,N,D,C,Q,E,G,H,I,L,K,M,F,P,S,T,W,Y,V,O,U,total_neg_res,total_pos_res,Carbon count,Hydrogen count,Nitrogen count,Oxygen count,Sulfur count,total_atoms,half_life,instability_index,aliphatic_index,GRAVY,ext_1,ext_2
0,0,FNCLGMSNRDFLEGVSGATW,2204.46,20.0,4.37,5.0,5.0,10.0,5.0,5.0,0.0,5.0,15.0,0.0,0.0,10.0,0.0,5.0,10.0,0.0,10.0,5.0,5.0,0.0,5.0,0.0,0.0,2.0,1.0,96.0,142.0,26.0,30.0,2.0,296.0,1.1,24.13,58.5,0.035,5500.0,5500.0
1,1,APTRVVAAEM,1044.23,10.0,6.05,30.0,10.0,0.0,0.0,0.0,0.0,10.0,0.0,0.0,0.0,0.0,0.0,10.0,0.0,10.0,0.0,10.0,0.0,0.0,20.0,0.0,0.0,1.0,1.0,44.0,77.0,13.0,14.0,1.0,149.0,4.4,28.26,88.0,0.54,0.0,0.0
2,2,TPRMCTREEF,1269.46,10.0,5.81,0.0,20.0,0.0,0.0,10.0,0.0,20.0,0.0,0.0,0.0,0.0,0.0,10.0,10.0,10.0,0.0,20.0,0.0,0.0,0.0,0.0,0.0,2.0,2.0,52.0,84.0,16.0,17.0,2.0,171.0,7.2,66.66,0.0,-1.18,0.0,0.0
3,3,GLDFSDLYY,1092.17,9.0,3.56,0.0,0.0,0.0,22.2,0.0,0.0,0.0,11.1,0.0,0.0,22.2,0.0,0.0,11.1,0.0,11.1,0.0,0.0,22.2,0.0,0.0,0.0,2.0,0.0,52.0,69.0,9.0,17.0,0.0,147.0,30.0,14.22,86.67,-0.044,2980.0,2980.0
4,4,ALVEFKDAHAKRQTV,1712.97,15.0,8.64,20.0,6.7,0.0,6.7,0.0,6.7,6.7,0.0,6.7,0.0,6.7,13.3,0.0,6.7,0.0,0.0,6.7,0.0,0.0,13.3,0.0,0.0,2.0,3.0,76.0,125.0,23.0,22.0,0.0,246.0,4.4,28.23,84.67,-0.42,0.0,0.0
5,5,TLHGTVTVEVQYAGT,1575.74,15.0,5.21,6.7,0.0,0.0,0.0,0.0,6.7,6.7,13.3,6.7,0.0,6.7,0.0,0.0,0.0,0.0,0.0,26.7,0.0,6.7,20.0,0.0,0.0,1.0,0.0,69.0,110.0,18.0,24.0,0.0,221.0,7.2,NIL,90.67,0.207,1490.0,1490.0
6,6,VPAQMAVDMQTLTPV,1600.91,15.0,3.8,13.3,0.0,0.0,6.7,0.0,13.3,0.0,0.0,0.0,0.0,6.7,0.0,13.3,0.0,13.3,0.0,13.3,0.0,0.0,20.0,0.0,0.0,1.0,0.0,69.0,117.0,17.0,22.0,2.0,227.0,100.0,41.03,97.33,0.58,0.0,0.0
7,7,PVGRLITANPVITES,1566.82,15.0,6.43,6.7,6.7,6.7,0.0,0.0,0.0,6.7,6.7,0.0,13.3,6.7,0.0,0.0,0.0,13.3,6.7,13.3,0.0,0.0,13.3,0.0,0.0,1.0,1.0,69.0,119.0,19.0,22.0,0.0,229.0,20.0,53.11,123.33,0.38,0.0,0.0
8,8,CLALGGVMIFLSTAV,1494.87,15.0,5.52,13.3,0.0,0.0,0.0,6.7,0.0,0.0,13.3,0.0,6.7,20.0,0.0,6.7,6.7,0.0,6.7,6.7,0.0,0.0,13.3,0.0,0.0,0.0,0.0,68.0,115.0,15.0,18.0,2.0,218.0,1.2,30.4,156.0,2.187,0.0,0.0
9,9,DFGSVGGVFNSLGKG,1440.58,15.0,5.84,0.0,0.0,6.7,6.7,0.0,0.0,0.0,33.3,0.0,0.0,6.7,6.7,0.0,13.3,0.0,13.3,0.0,0.0,0.0,13.3,0.0,0.0,1.0,1.0,64.0,97.0,17.0,21.0,0.0,199.0,1.1,NIL,64.67,0.22,0.0,0.0
10,10,GWGNGCGLFGKGSLV,1451.66,15.0,8.22,0.0,0.0,6.7,0.0,6.7,0.0,0.0,40.0,0.0,0.0,13.3,6.7,0.0,6.7,0.0,6.7,0.0,6.7,0.0,6.7,0.0,0.0,0.0,1.0,65.0,98.0,18.0,18.0,1.0,200.0,30.0,NIL,71.33,0.373,5500.0,5500.0
11,11,ITHHWHRSGSTIGKA,1687.88,15.0,11.0,6.7,6.7,0.0,0.0,0.0,0.0,0.0,13.3,20.0,13.3,0.0,6.7,0.0,0.0,0.0,13.3,13.3,6.7,0.0,0.0,0.0,0.0,0.0,2.0,74.0,114.0,26.0,20.0,0.0,234.0,20.0,46.83,58.67,-0.793,5500.0,5500.0
12,12,PCKIPVQMAVDMQTL,1674.06,15.0,6.22,6.7,0.0,0.0,6.7,6.7,13.3,0.0,0.0,0.0,6.7,6.7,6.7,13.3,0.0,13.3,0.0,6.7,0.0,0.0,13.3,0.0,0.0,1.0,1.0,72.0,124.0,18.0,21.0,3.0,238.0,20.0,2.75,97.33,0.433,0.0,0.0
13,13,PFGDSYIVIGVGDKK,1594.83,15.0,6.37,0.0,0.0,0.0,13.3,0.0,0.0,0.0,20.0,0.0,13.3,0.0,13.3,0.0,6.7,6.7,6.7,0.0,0.0,6.7,13.3,0.0,0.0,2.0,2.0,74.0,115.0,17.0,22.0,0.0,228.0,20.0,18.03,90.67,0.033,1490.0,1490.0
14,14,RLKGVSYSLCTAAFTF,1764.07,16.0,9.31,12.5,6.2,0.0,0.0,6.2,0.0,0.0,6.2,0.0,0.0,12.5,6.2,0.0,12.5,0.0,12.5,12.5,0.0,6.2,6.2,0.0,0.0,0.0,2.0,81.0,126.0,20.0,22.0,1.0,250.0,1.0,26.85,79.38,0.65,1490.0,1490.0
15,15,SIQPENLEYRIMLSV,1792.08,15.0,4.53,0.0,6.7,6.7,0.0,0.0,6.7,13.3,0.0,0.0,13.3,13.3,0.0,6.7,0.0,6.7,13.3,0.0,0.0,6.7,6.7,0.0,0.0,2.0,1.0,79.0,130.0,20.0,25.0,1.0,255.0,1.9,22.49,123.33,-0.02,1490.0,1490.0
16,16,SLGKGIHQIFGAAFK,1573.86,15.0,10.0,13.3,0.0,0.0,0.0,0.0,6.7,0.0,20.0,6.7,13.3,6.7,13.3,0.0,13.3,0.0,6.7,0.0,0.0,0.0,0.0,0.0,0.0,0.0,2.0,74.0,116.0,20.0,18.0,0.0,228.0,1.9,NIL,91.33,0.367,0.0,0.0
17,17,TMNNKHWLVHKEWFH,2007.3,15.0,8.34,0.0,0.0,13.3,0.0,0.0,0.0,6.7,0.0,20.0,0.0,6.7,13.3,6.7,6.7,0.0,0.0,6.7,13.3,0.0,6.7,0.0,0.0,1.0,2.0,94.0,131.0,27.0,21.0,1.0,274.0,7.2,37.19,45.33,-1.18,11000.0,11000.0
18,18,TWVDVVLEHGGCVTV,1613.85,15.0,4.35,0.0,0.0,0.0,6.7,6.7,0.0,6.7,13.3,6.7,0.0,6.7,0.0,0.0,0.0,0.0,0.0,13.3,6.7,0.0,33.3,0.0,0.0,2.0,0.0,72.0,112.0,18.0,22.0,1.0,225.0,7.2,NIL,122.67,0.933,5500.0,5500.0
19,19,VMAQDKPTVDIELVT,1658.93,15.0,4.03,6.7,0.0,0.0,13.3,0.0,6.7,6.7,0.0,0.0,6.7,6.7,6.7,6.7,0.0,6.7,0.0,13.3,0.0,0.0,20.0,0.0,0.0,3.0,1.0,72.0,123.0,17.0,25.0,1.0,238.0,100.0,33.33,116.67,0.247,0.0,0.0
20,20,AAFKSLFGGMSWFSQILIGT,2161.55,20.0,8.8,10.0,0.0,0.0,0.0,0.0,5.0,0.0,15.0,0.0,10.0,10.0,5.0,5.0,15.0,0.0,15.0,5.0,5.0,0.0,0.0,0.0,0.0,0.0,1.0,103.0,153.0,23.0,26.0,1.0,306.0,4.4,45.14,88.0,0.895,5500.0,5500.0
21,21,AFTFTKIPAETLHGTVTVEV,2161.48,20.0,5.4,10.0,0.0,0.0,0.0,0.0,0.0,10.0,5.0,5.0,5.0,5.0,5.0,0.0,10.0,5.0,0.0,25.0,0.0,0.0,15.0,0.0,0.0,2.0,1.0,100.0,157.0,23.0,30.0,0.0,310.0,4.4,5.94,92.5,0.525,0.0,0.0
22,22,AHCIGITDRDFIEGVHGGTW,2184.41,20.0,5.21,5.0,5.0,0.0,10.0,5.0,0.0,5.0,20.0,10.0,15.0,0.0,0.0,0.0,5.0,0.0,0.0,10.0,5.0,0.0,5.0,0.0,0.0,3.0,1.0,96.0,142.0,28.0,29.0,1.0,296.0,4.4,4.67,78.0,-0.025,5500.0,5500.0
23,23,CRLKMDKLRLKGVSYSLCTA,2285.81,20.0,9.7,5.0,10.0,0.0,5.0,10.0,0.0,0.0,5.0,0.0,0.0,20.0,15.0,5.0,0.0,0.0,10.0,5.0,0.0,5.0,5.0,0.0,0.0,1.0,5.0,98.0,173.0,29.0,27.0,3.0,330.0,1.2,30.51,97.5,-0.005,1490.0,1615.0
24,24,ENGVQLTVVVGSVKNPMWRG,2170.51,20.0,8.85,0.0,5.0,10.0,0.0,0.0,5.0,5.0,15.0,0.0,0.0,5.0,5.0,5.0,0.0,5.0,5.0,5.0,5.0,0.0,25.0,0.0,0.0,1.0,2.0,95.0,156.0,28.0,28.0,1.0,308.0,1.0,NIL,92.0,-0.045,5500.0,5500.0
25,25,FEATVRGAKRMAVLGDTAWD,2194.49,20.0,6.12,20.0,10.0,0.0,10.0,0.0,0.0,5.0,10.0,0.0,0.0,5.0,5.0,5.0,5.0,0.0,0.0,10.0,5.0,0.0,10.0,0.0,0.0,3.0,3.0,96.0,152.0,28.0,29.0,1.0,306.0,1.1,15.96,68.5,-0.12,5500.0,5500.0
26,26,GSLVTCAKFACSKKMTGKSI,2060.52,20.0,9.7,10.0,0.0,0.0,0.0,10.0,0.0,0.0,10.0,0.0,5.0,5.0,20.0,5.0,5.0,0.0,15.0,10.0,0.0,0.0,5.0,0.0,0.0,0.0,4.0,88.0,154.0,24.0,26.0,3.0,295.0,30.0,33.6,63.5,0.28,0.0,125.0
27,27,GSVKNPMWRGPQRLPVPVNE,2261.63,20.0,10.84,0.0,10.0,10.0,0.0,0.0,5.0,5.0,10.0,0.0,0.0,5.0,5.0,5.0,0.0,20.0,5.0,0.0,5.0,0.0,15.0,0.0,0.0,1.0,3.0,100.0,161.0,31.0,27.0,1.0,320.0,30.0,46.76,63.0,-0.875,5500.0,5500.0
28,28,GVFHTSVWLKVREDYSLECD,2383.66,20.0,4.75,0.0,5.0,0.0,10.0,5.0,0.0,10.0,5.0,5.0,0.0,10.0,5.0,0.0,5.0,0.0,10.0,5.0,5.0,5.0,15.0,0.0,0.0,4.0,2.0,107.0,159.0,27.0,33.0,1.0,327.0,30.0,44.64,82.5,-0.25,6990.0,6990.0
29,29,HRSGSTIGKAFEATVRGAKR,2129.41,20.0,11.72,15.0,15.0,0.0,0.0,0.0,0.0,5.0,15.0,5.0,5.0,0.0,10.0,0.0,5.0,0.0,10.0,10.0,0.0,0.0,5.0,0.0,0.0,1.0,5.0,90.0,153.0,33.0,27.0,0.0,303.0,3.5,35.03,49.0,-0.765,0.0,0.0
30,30,IRCIGVSNRDFVEGMSGGTW,2184.47,20.0,6.06,0.0,10.0,5.0,5.0,5.0,0.0,5.0,20.0,0.0,10.0,0.0,0.0,5.0,5.0,0.0,10.0,5.0,5.0,0.0,10.0,0.0,0.0,2.0,2.0,93.0,146.0,28.0,29.0,2.0,298.0,20.0,22.11,68.0,0.015,5500.0,5500.0
31,31,KECPLKHRAWNSFLVEDHGF,2413.74,20.0,6.92,5.0,5.0,5.0,5.0,5.0,0.0,10.0,5.0,10.0,0.0,10.0,10.0,0.0,10.0,5.0,5.0,0.0,5.0,0.0,5.0,0.0,0.0,3.0,3.0,110.0,161.0,31.0,29.0,1.0,332.0,1.3,47.47,58.5,-0.735,5500.0,5500.0
32,32,KGRLSSGHLKCRLKMDKLRL,2339.89,20.0,11.08,0.0,15.0,0.0,5.0,5.0,0.0,0.0,10.0,5.0,0.0,25.0,20.0,5.0,0.0,0.0,10.0,0.0,0.0,0.0,0.0,0.0,0.0,1.0,7.0,100.0,183.0,35.0,25.0,2.0,345.0,1.3,23.84,97.5,-0.74,0.0,0.0
33,33,KGVSYSLCTAAFTFTKIPAE,2134.48,20.0,8.18,15.0,0.0,0.0,0.0,5.0,0.0,5.0,5.0,0.0,5.0,5.0,10.0,0.0,10.0,5.0,10.0,15.0,0.0,5.0,5.0,0.0,0.0,1.0,2.0,98.0,152.0,22.0,29.0,1.0,302.0,1.3,31.67,68.5,0.385,1490.0,1490.0
34,34,LGKGIHQIFGAAFKSLFGGM,2079.49,20.0,10.0,10.0,0.0,0.0,0.0,0.0,5.0,0.0,25.0,5.0,10.0,10.0,10.0,5.0,15.0,0.0,5.0,0.0,0.0,0.0,0.0,0.0,0.0,0.0,2.0,98.0,151.0,25.0,23.0,1.0,298.0,5.5,NIL,88.0,0.66,0.0,0.0
35,35,LYYLTMNNKHWLVHKEWFHD,2675.06,20.0,7.02,0.0,0.0,10.0,5.0,0.0,0.0,5.0,0.0,15.0,0.0,15.0,10.0,5.0,5.0,0.0,0.0,5.0,10.0,10.0,5.0,0.0,0.0,2.0,2.0,128.0,176.0,32.0,30.0,1.0,367.0,5.5,36.56,73.0,-0.81,13980.0,13980.0
36,36,MRCIGISNRDFVEGVSGGSW,2170.45,20.0,5.82,0.0,10.0,5.0,5.0,5.0,0.0,5.0,20.0,0.0,10.0,0.0,0.0,5.0,5.0,0.0,15.0,0.0,5.0,0.0,10.0,0.0,0.0,2.0,2.0,92.0,144.0,28.0,29.0,2.0,295.0,30.0,3.88,68.0,0.01,5500.0,5500.0
37,37,MRCVGIGNRDFVEGLSGATW,2168.47,20.0,5.82,5.0,10.0,5.0,5.0,5.0,0.0,5.0,20.0,0.0,5.0,5.0,0.0,5.0,5.0,0.0,5.0,5.0,5.0,0.0,10.0,0.0,0.0,2.0,2.0,93.0,146.0,28.0,28.0,2.0,297.0,30.0,NIL,73.0,0.11,5500.0,5500.0
38,38,MRCVGVGNRDFVEGLSGATW,2154.45,20.0,5.82,5.0,10.0,5.0,5.0,5.0,0.0,5.0,20.0,0.0,0.0,5.0,0.0,5.0,5.0,0.0,5.0,5.0,5.0,0.0,15.0,0.0,0.0,2.0,2.0,92.0,144.0,28.0,28.0,2.0,294.0,30.0,NIL,68.0,0.095,5500.0,5500.0
39,39,MRCVGVGNRDFVEGVSGGAW,2096.37,20.0,5.82,5.0,10.0,5.0,5.0,5.0,0.0,5.0,25.0,0.0,0.0,0.0,0.0,5.0,5.0,0.0,5.0,0.0,5.0,0.0,20.0,0.0,0.0,2.0,2.0,89.0,138.0,28.0,27.0,2.0,284.0,30.0,NIL,63.0,0.13,5500.0,5500.0
40,40,NGSISLMCLALGGVLIFLST,2009.45,20.0,5.52,5.0,0.0,5.0,0.0,5.0,0.0,0.0,15.0,0.0,10.0,25.0,0.0,5.0,5.0,0.0,15.0,5.0,0.0,0.0,5.0,0.0,0.0,0.0,0.0,90.0,153.0,21.0,26.0,2.0,292.0,1.4,17.79,156.0,1.67,0.0,0.0
41,41,NSFLVEDHGFGVFHTSVWLK,2319.6,20.0,5.99,0.0,0.0,5.0,5.0,0.0,0.0,5.0,10.0,10.0,0.0,10.0,5.0,0.0,15.0,0.0,10.0,5.0,5.0,0.0,15.0,0.0,0.0,2.0,1.0,110.0,155.0,27.0,29.0,0.0,321.0,1.4,12.1,82.5,0.19,5500.0,5500.0
42,42,PFGDSYIVIGVGEKKITHHW,2283.61,20.0,7.32,0.0,0.0,0.0,5.0,0.0,0.0,5.0,15.0,10.0,15.0,0.0,10.0,0.0,5.0,5.0,5.0,5.0,5.0,5.0,10.0,0.0,0.0,2.0,2.0,108.0,159.0,27.0,28.0,0.0,322.0,20.0,10.81,87.5,-0.15,6990.0,6990.0
43,43,PQRLPVPVNELPHGWKAWGK,2309.7,20.0,10.01,5.0,5.0,5.0,0.0,0.0,5.0,5.0,10.0,5.0,0.0,10.0,10.0,0.0,0.0,20.0,0.0,0.0,10.0,0.0,10.0,0.0,0.0,1.0,3.0,109.0,165.0,31.0,25.0,0.0,330.0,20.0,58.84,73.0,-0.86,11000.0,11000.0
44,44,QPENLEYRIMLSVHGSQHSG,2282.52,20.0,6.0,0.0,5.0,5.0,0.0,0.0,10.0,10.0,10.0,10.0,5.0,10.0,0.0,5.0,0.0,5.0,15.0,0.0,0.0,5.0,5.0,0.0,0.0,2.0,1.0,97.0,152.0,30.0,32.0,1.0,312.0,0.8,23.81,73.0,-0.815,1490.0,1490.0
45,45,QYAGTDGPCKVPAQMAVDMQ,2110.4,20.0,4.21,15.0,0.0,0.0,10.0,5.0,15.0,0.0,10.0,0.0,0.0,0.0,5.0,10.0,0.0,10.0,0.0,5.0,0.0,5.0,10.0,0.0,0.0,2.0,1.0,88.0,140.0,24.0,30.0,3.0,285.0,0.8,19.46,44.0,-0.365,1490.0,1490.0
46,46,RRALKDGVATGGHAVSRGSA,1966.19,20.0,11.71,20.0,15.0,0.0,5.0,0.0,0.0,0.0,20.0,5.0,0.0,5.0,5.0,0.0,0.0,0.0,10.0,5.0,0.0,0.0,10.0,0.0,0.0,1.0,4.0,80.0,140.0,32.0,26.0,0.0,278.0,1.0,41.21,68.5,-0.43,0.0,0.0
47,47,RYKYHPDSPRRLAAAVKQAW,2413.77,20.0,10.43,20.0,15.0,0.0,5.0,0.0,5.0,0.0,0.0,5.0,0.0,5.0,10.0,0.0,0.0,10.0,5.0,0.0,5.0,10.0,5.0,0.0,0.0,1.0,5.0,110.0,169.0,35.0,27.0,0.0,341.0,1.0,73.56,54.0,-1.19,8480.0,8480.0
48,48,SLMCLALGGVLIFLSTAVSA,1966.42,20.0,5.24,15.0,0.0,0.0,0.0,5.0,0.0,0.0,10.0,0.0,5.0,25.0,0.0,5.0,5.0,0.0,15.0,5.0,0.0,0.0,10.0,0.0,0.0,0.0,0.0,89.0,152.0,20.0,25.0,2.0,288.0,1.9,25.3,161.0,2.03,0.0,0.0
49,49,SWFSQILIGTLLMWLGLNTK,2321.81,20.0,8.47,0.0,0.0,5.0,0.0,0.0,5.0,0.0,10.0,0.0,10.0,25.0,5.0,5.0,5.0,0.0,10.0,10.0,10.0,0.0,0.0,0.0,0.0,0.0,1.0,111.0,173.0,25.0,27.0,1.0,337.0,1.9,26.44,136.5,0.81,11000.0,11000.0
50,50,TLTPVGRLITANPVITESTE,2112.41,20.0,4.53,5.0,5.0,5.0,0.0,0.0,0.0,10.0,5.0,0.0,10.0,10.0,0.0,0.0,0.0,10.0,5.0,25.0,0.0,0.0,10.0,0.0,0.0,2.0,1.0,92.0,158.0,24.0,32.0,0.0,306.0,7.2,51.97,112.0,0.195,0.0,0.0
51,51,VDIELVTTTVSNMAEVRSYC,2230.53,20.0,4.14,5.0,5.0,5.0,5.0,5.0,0.0,10.0,0.0,0.0,5.0,5.0,0.0,5.0,0.0,0.0,10.0,15.0,0.0,5.0,20.0,0.0,0.0,3.0,1.0,94.0,156.0,24.0,34.0,2.0,310.0,100.0,47.85,102.0,0.39,1490.0,1490.0
52,52,VGEKKITHHWHRSGSTIGKA,2229.53,20.0,10.29,5.0,5.0,0.0,0.0,0.0,0.0,5.0,15.0,15.0,10.0,0.0,15.0,0.0,0.0,0.0,10.0,10.0,5.0,0.0,5.0,0.0,0.0,1.0,4.0,98.0,157.0,33.0,27.0,0.0,315.0,100.0,25.36,58.5,-0.97,5500.0,5500.0
53,53,VPAQMAVDMQTLTPVGRLIT,2141.57,20.0,5.81,10.0,5.0,0.0,5.0,0.0,10.0,0.0,5.0,0.0,5.0,10.0,0.0,10.0,0.0,10.0,0.0,15.0,0.0,0.0,15.0,0.0,0.0,1.0,1.0,93.0,161.0,25.0,28.0,2.0,309.0,100.0,29.03,112.0,0.57,0.0,0.0
54,54,WGNGCGLFGKGSLVTCAKFA,2016.36,20.0,8.9,10.0,0.0,5.0,0.0,10.0,0.0,0.0,25.0,0.0,0.0,10.0,10.0,0.0,10.0,0.0,5.0,5.0,5.0,0.0,5.0,0.0,0.0,0.0,2.0,91.0,138.0,24.0,24.0,2.0,279.0,2.8,NIL,63.5,0.515,5500.0,5625.0
55,55,WIESEKNDTWRLKRAHLIEM,2555.94,20.0,6.77,5.0,10.0,5.0,5.0,0.0,0.0,15.0,0.0,5.0,10.0,10.0,10.0,5.0,0.0,0.0,5.0,5.0,10.0,0.0,0.0,0.0,0.0,4.0,4.0,114.0,179.0,33.0,32.0,1.0,359.0,2.8,65.48,83.0,-1.025,11000.0,11000.0
56,56,WLVHKEWFHDIPLPWHAGAD,2454.78,20.0,5.73,10.0,0.0,0.0,10.0,0.0,0.0,5.0,5.0,15.0,5.0,10.0,5.0,0.0,5.0,10.0,0.0,0.0,15.0,0.0,5.0,0.0,0.0,3.0,1.0,120.0,160.0,30.0,27.0,0.0,337.0,2.8,30.09,83.0,-0.38,16500.0,16500.0
57,57,WVSGAKSNTIKSVSTTSQLL,2107.39,20.0,10.0,5.0,0.0,5.0,0.0,0.0,5.0,0.0,5.0,0.0,5.0,10.0,10.0,0.0,0.0,0.0,25.0,15.0,5.0,0.0,10.0,0.0,0.0,0.0,2.0,92.0,155.0,25.0,31.0,0.0,303.0,2.8,2.15,92.5,0.005,5500.0,5500.0
58,58,YEASISDMASDSRCPTQGEA,2118.23,20.0,3.92,15.0,5.0,0.0,10.0,5.0,5.0,10.0,5.0,0.0,5.0,0.0,0.0,5.0,0.0,5.0,20.0,5.0,0.0,5.0,0.0,0.0,0.0,4.0,1.0,84.0,132.0,24.0,36.0,2.0,278.0,2.8,33.25,34.5,-0.745,1490.0,1490.0
59,59,EPRTGLDFSDLYYLT,1789.96,15.0,4.03,0.0,6.7,0.0,13.3,0.0,0.0,6.7,6.7,0.0,0.0,20.0,0.0,0.0,6.7,6.7,6.7,13.3,0.0,13.3,0.0,0.0,0.0,3.0,1.0,82.0,120.0,18.0,27.0,0.0,247.0,1.0,14.69,78.0,-0.507,2980.0,2980.0
60,60,TEQRKTFVEL,1250.42,10.0,5.81,0.0,10.0,0.0,0.0,0.0,10.0,20.0,0.0,0.0,0.0,10.0,10.0,0.0,10.0,0.0,0.0,20.0,0.0,0.0,10.0,0.0,0.0,2.0,2.0,55.0,91.0,15.0,18.0,0.0,179.0,7.2,59.86,68.0,-0.95,0.0,0.0
61,61,VLKPRWMDA,1115.36,9.0,8.72,11.1,11.1,0.0,11.1,0.0,0.0,0.0,0.0,0.0,0.0,11.1,11.1,11.1,0.0,11.1,0.0,0.0,11.1,0.0,11.1,0.0,0.0,1.0,2.0,51.0,82.0,14.0,12.0,1.0,160.0,100.0,72.66,86.67,-0.3,5500.0,5500.0
62,62,WDFGSVGGAL,1008.1,10.0,3.8,10.0,0.0,0.0,10.0,0.0,0.0,0.0,30.0,0.0,0.0,10.0,0.0,0.0,10.0,0.0,10.0,0.0,10.0,0.0,10.0,0.0,0.0,1.0,0.0,47.0,65.0,11.0,14.0,0.0,137.0,2.8,NIL,78.0,0.62,5500.0,5500.0
63,63,DENHPYRTWAYHGSY,1895.96,15.0,5.99,6.7,6.7,6.7,6.7,0.0,0.0,6.7,6.7,13.3,0.0,0.0,0.0,0.0,0.0,6.7,6.7,6.7,6.7,20.0,0.0,0.0,0.0,2.0,1.0,86.0,110.0,24.0,26.0,0.0,246.0,1.1,NIL,6.67,-1.86,9970.0,9970.0
64,64,DTTPYGQQRVFKEKV,1796.01,15.0,8.5,0.0,6.7,0.0,6.7,0.0,13.3,6.7,6.7,0.0,0.0,0.0,13.3,0.0,6.7,6.7,0.0,13.3,0.0,6.7,13.3,0.0,0.0,2.0,3.0,80.0,126.0,22.0,25.0,0.0,253.0,1.1,NIL,38.67,-1.32,1490.0,1490.0
65,65,PFGDSYIVIGVGEKK,1608.85,15.0,6.48,0.0,0.0,0.0,6.7,0.0,0.0,6.7,20.0,0.0,13.3,0.0,13.3,0.0,6.7,6.7,6.7,0.0,0.0,6.7,13.3,0.0,0.0,2.0,2.0,75.0,117.0,17.0,22.0,0.0,231.0,20.0,18.67,90.67,0.033,1490.0,1490.0
66,66,VARVSPFGGLKRLPA,1567.9,15.0,12.01,13.3,13.3,0.0,0.0,0.0,0.0,0.0,13.3,0.0,0.0,13.3,6.7,0.0,6.7,13.3,6.7,0.0,0.0,0.0,13.3,0.0,0.0,0.0,3.0,72.0,122.0,22.0,17.0,0.0,233.0,100.0,101.45,104.0,0.313,0.0,0.0
67,67,AAMLRIINARKEKKR,1798.23,15.0,11.73,20.0,20.0,6.7,0.0,0.0,0.0,6.7,0.0,0.0,13.3,6.7,20.0,6.7,0.0,0.0,0.0,0.0,0.0,0.0,0.0,0.0,0.0,1.0,6.0,77.0,144.0,28.0,19.0,1.0,269.0,4.4,43.91,98.0,-0.807,0.0,0.0
68,68,ADTGTPHWNNKEALV,1652.78,15.0,5.32,13.3,0.0,13.3,6.7,0.0,0.0,6.7,6.7,6.7,0.0,6.7,6.7,0.0,0.0,6.7,0.0,13.3,6.7,0.0,6.7,0.0,0.0,2.0,1.0,72.0,109.0,21.0,24.0,0.0,226.0,4.4,4.43,58.67,-0.92,5500.0,5500.0
69,69,AGTDGPCKVPAQMAV,1444.68,15.0,5.87,20.0,0.0,0.0,6.7,6.7,6.7,0.0,13.3,0.0,0.0,0.0,6.7,6.7,0.0,13.3,0.0,6.7,0.0,0.0,13.3,0.0,0.0,1.0,1.0,60.0,101.0,17.0,20.0,2.0,200.0,4.4,26.89,58.67,0.173,0.0,0.0
70,70,AKFACSKKMTGKSIQ,1627.98,15.0,10.04,13.3,0.0,0.0,0.0,6.7,6.7,0.0,6.7,0.0,6.7,0.0,26.7,6.7,6.7,0.0,13.3,6.7,0.0,0.0,0.0,0.0,0.0,0.0,4.0,70.0,122.0,20.0,20.0,2.0,234.0,4.4,47.12,39.33,-0.433,0.0,0.0
71,71,AKVEITPNSPRAEAT,1583.76,15.0,6.19,20.0,6.7,6.7,0.0,0.0,0.0,13.3,0.0,0.0,6.7,0.0,6.7,0.0,0.0,13.3,6.7,13.3,0.0,0.0,6.7,0.0,0.0,2.0,2.0,67.0,114.0,20.0,24.0,0.0,225.0,4.4,40.78,65.33,-0.68,0.0,0.0
72,72,AMEIIKKFKKDLAAM,1737.19,15.0,9.53,20.0,0.0,0.0,6.7,0.0,0.0,6.7,0.0,0.0,13.3,6.7,26.7,13.3,6.7,0.0,0.0,0.0,0.0,0.0,0.0,0.0,0.0,2.0,4.0,79.0,137.0,19.0,20.0,2.0,257.0,4.4,6.49,98.0,0.147,0.0,0.0
73,73,CGLFGKGSLVTCAKF,1530.86,15.0,8.9,6.7,0.0,0.0,0.0,13.3,0.0,0.0,20.0,0.0,0.0,13.3,13.3,0.0,13.3,0.0,6.7,6.7,0.0,0.0,6.7,0.0,0.0,0.0,2.0,69.0,111.0,17.0,18.0,2.0,217.0,1.2,NIL,78.0,0.913,0.0,125.0
74,74,CSKKMTGKSIQPENL,1663.97,15.0,9.2,0.0,0.0,6.7,0.0,6.7,6.7,6.7,6.7,0.0,6.7,6.7,20.0,6.7,0.0,6.7,13.3,6.7,0.0,0.0,0.0,0.0,0.0,1.0,3.0,69.0,122.0,20.0,23.0,2.0,236.0,1.2,42.25,52.0,-0.92,0.0,0.0
75,75,ENLEYRIMLSVHGSQ,1776.0,15.0,5.4,0.0,6.7,6.7,0.0,0.0,6.7,13.3,6.7,6.7,6.7,13.3,0.0,6.7,0.0,0.0,13.3,0.0,0.0,6.7,6.7,0.0,0.0,2.0,1.0,76.0,122.0,22.0,25.0,1.0,246.0,1.0,3.99,97.33,-0.453,1490.0,1490.0
76,76,EVQYAGTDGPCKVPA,1534.7,15.0,4.37,13.3,0.0,0.0,6.7,6.7,6.7,6.7,13.3,0.0,0.0,0.0,6.7,0.0,0.0,13.3,0.0,6.7,0.0,6.7,13.3,0.0,0.0,2.0,1.0,66.0,103.0,17.0,23.0,1.0,210.0,1.0,29.43,52.0,-0.393,1490.0,1490.0
77,77,FGGMSWFSQILIGTL,1656.96,15.0,5.52,0.0,0.0,0.0,0.0,0.0,6.7,0.0,20.0,0.0,13.3,13.3,0.0,6.7,13.3,0.0,13.3,6.7,6.7,0.0,0.0,0.0,0.0,0.0,0.0,79.0,117.0,17.0,20.0,1.0,234.0,1.1,66.87,104.0,1.08,5500.0,5500.0
78,78,FKDAHAKRQTVVVLG,1668.96,15.0,9.99,13.3,6.7,0.0,6.7,0.0,6.7,0.0,6.7,6.7,0.0,6.7,13.3,0.0,6.7,0.0,0.0,6.7,0.0,0.0,20.0,0.0,0.0,1.0,3.0,75.0,125.0,23.0,20.0,0.0,243.0,1.1,28.23,97.33,-0.053,0.0,0.0
79,79,GHETDENRAKVEITP,1695.81,15.0,4.83,6.7,6.7,6.7,6.7,0.0,0.0,20.0,6.7,6.7,6.7,0.0,6.7,0.0,0.0,6.7,0.0,13.3,0.0,0.0,6.7,0.0,0.0,4.0,2.0,70.0,114.0,22.0,27.0,0.0,233.0,30.0,16.51,52.0,-1.467,0.0,0.0
80,80,GKGSLVTCAKFACSK,1499.81,15.0,9.39,13.3,0.0,0.0,0.0,13.3,0.0,0.0,13.3,0.0,0.0,6.7,20.0,0.0,6.7,0.0,13.3,6.7,0.0,0.0,6.7,0.0,0.0,0.0,3.0,64.0,110.0,18.0,19.0,2.0,213.0,30.0,21.65,58.67,0.307,0.0,125.0
81,81,GKKEAMEIIKKFKKD,1793.2,15.0,9.7,6.7,0.0,0.0,6.7,0.0,0.0,13.3,6.7,0.0,13.3,0.0,40.0,6.7,6.7,0.0,0.0,0.0,0.0,0.0,0.0,0.0,0.0,3.0,6.0,81.0,141.0,21.0,22.0,1.0,266.0,30.0,0.83,58.67,-1.253,0.0,0.0
82,82,GLKRLPAGLLLGHGP,1498.83,15.0,11.0,6.7,6.7,0.0,0.0,0.0,0.0,0.0,26.7,6.7,0.0,33.3,6.7,0.0,0.0,13.3,0.0,0.0,0.0,0.0,0.0,0.0,0.0,0.0,2.0,69.0,119.0,21.0,16.0,0.0,225.0,30.0,44.17,136.67,0.293,0.0,0.0
83,83,GPCKVPAQMAVDMQT,1575.88,15.0,5.83,13.3,0.0,0.0,6.7,6.7,13.3,0.0,6.7,0.0,0.0,0.0,6.7,13.3,0.0,13.3,0.0,6.7,0.0,0.0,13.3,0.0,0.0,1.0,1.0,65.0,110.0,18.0,21.0,3.0,217.0,30.0,17.51,52.0,-0.027,0.0,0.0
84,84,GSQHSGMIVNDTGHE,1568.64,15.0,5.15,0.0,0.0,6.7,6.7,0.0,6.7,6.7,20.0,13.3,6.7,0.0,0.0,6.7,0.0,0.0,13.3,6.7,0.0,0.0,6.7,0.0,0.0,2.0,0.0,62.0,97.0,21.0,25.0,1.0,206.0,30.0,0.83,45.33,-0.887,0.0,0.0
85,85,HAKRQTVVVLGSQEG,1608.82,15.0,8.75,6.7,6.7,0.0,0.0,0.0,13.3,6.7,13.3,6.7,0.0,6.7,6.7,0.0,0.0,0.0,6.7,6.7,0.0,0.0,20.0,0.0,0.0,1.0,2.0,68.0,117.0,23.0,22.0,0.0,230.0,3.5,69.59,90.67,-0.413,0.0,0.0
86,86,HGPIRMVLAILAFLR,1707.16,15.0,12.0,13.3,13.3,0.0,0.0,0.0,0.0,0.0,6.7,6.7,13.3,20.0,0.0,6.7,6.7,6.7,0.0,0.0,0.0,0.0,6.7,0.0,0.0,0.0,2.0,80.0,135.0,23.0,16.0,1.0,255.0,3.5,28.1,162.67,1.247,0.0,0.0
87,87,HRSGSTIGKAFEATV,1560.73,15.0,8.75,13.3,6.7,0.0,0.0,0.0,0.0,6.7,13.3,6.7,6.7,0.0,6.7,0.0,6.7,0.0,13.3,13.3,0.0,0.0,6.7,0.0,0.0,1.0,2.0,67.0,109.0,21.0,22.0,0.0,219.0,3.5,32.97,58.67,-0.253,0.0,0.0
88,88,IKKFKKDLAAMLRII,1788.31,15.0,10.46,13.3,6.7,0.0,6.7,0.0,0.0,0.0,0.0,0.0,20.0,13.3,26.7,6.7,6.7,0.0,0.0,0.0,0.0,0.0,0.0,0.0,0.0,1.0,5.0,84.0,150.0,22.0,18.0,1.0,275.0,20.0,6.49,143.33,0.387,0.0,0.0
89,89,ITESTENSKMMLELD,1740.96,15.0,4.0,0.0,0.0,6.7,6.7,0.0,0.0,20.0,0.0,0.0,6.7,13.3,6.7,13.3,0.0,0.0,13.3,13.3,0.0,0.0,0.0,0.0,0.0,4.0,1.0,71.0,121.0,17.0,29.0,2.0,240.0,20.0,67.67,78.0,-0.567,0.0,0.0
90,90,KAFEATVRGAKRMAV,1634.96,15.0,11.0,26.7,13.3,0.0,0.0,0.0,0.0,6.7,6.7,0.0,0.0,0.0,13.3,6.7,6.7,0.0,0.0,6.7,0.0,0.0,13.3,0.0,0.0,1.0,4.0,71.0,123.0,23.0,19.0,1.0,237.0,1.3,27.97,65.33,-0.073,0.0,0.0
91,91,KHWLVHKEWFHDIPL,1985.32,15.0,7.02,0.0,0.0,0.0,6.7,0.0,0.0,6.7,0.0,20.0,6.7,13.3,13.3,0.0,6.7,6.7,0.0,0.0,13.3,0.0,6.7,0.0,0.0,2.0,2.0,98.0,137.0,25.0,20.0,0.0,280.0,1.3,19.49,97.33,-0.58,11000.0,11000.0
92,92,KKDLAAMLRIINARK,1741.17,15.0,11.1,20.0,13.3,6.7,6.7,0.0,0.0,0.0,0.0,0.0,13.3,13.3,20.0,6.7,0.0,0.0,0.0,0.0,0.0,0.0,0.0,0.0,0.0,1.0,5.0,76.0,141.0,25.0,19.0,1.0,262.0,1.3,22.17,124.0,-0.253,0.0,0.0
93,93,KKRRGADTSVGIVGL,1556.83,15.0,11.0,6.7,13.3,0.0,6.7,0.0,0.0,0.0,20.0,0.0,6.7,6.7,13.3,0.0,0.0,0.0,6.7,6.7,0.0,0.0,13.3,0.0,0.0,1.0,4.0,66.0,121.0,23.0,20.0,0.0,230.0,1.3,19.61,97.33,-0.3,0.0,0.0
94,94,KMMLELDPPFGDSYI,1756.06,15.0,4.03,0.0,0.0,0.0,13.3,0.0,0.0,6.7,6.7,0.0,6.7,13.3,6.7,13.3,6.7,13.3,6.7,0.0,0.0,6.7,0.0,0.0,0.0,3.0,1.0,80.0,122.0,16.0,24.0,2.0,244.0,1.3,67.67,78.0,-0.093,1490.0,1490.0
95,95,LGKGIHQIFGAAFKS,1573.86,15.0,10.0,13.3,0.0,0.0,0.0,0.0,6.7,0.0,20.0,6.7,13.3,6.7,13.3,0.0,13.3,0.0,6.7,0.0,0.0,0.0,0.0,0.0,0.0,0.0,2.0,74.0,116.0,20.0,18.0,0.0,228.0,5.5,NIL,91.33,0.367,0.0,0.0
96,96,LINRWGSVGKKEAME,1718.0,15.0,8.59,6.7,6.7,6.7,0.0,0.0,0.0,13.3,13.3,0.0,6.7,6.7,13.3,6.7,0.0,0.0,6.7,0.0,6.7,0.0,6.7,0.0,0.0,2.0,3.0,75.0,124.0,22.0,22.0,1.0,244.0,5.5,29.29,78.0,-0.607,5500.0,5500.0
97,97,LLLGHGPIRMVLAIL,1616.08,15.0,9.76,6.7,6.7,0.0,0.0,0.0,0.0,0.0,13.3,6.7,13.3,33.3,0.0,6.7,0.0,6.7,0.0,0.0,0.0,0.0,6.7,0.0,0.0,0.0,1.0,76.0,134.0,20.0,16.0,1.0,247.0,5.5,15.26,208.0,1.72,0.0,0.0
98,98,LPAGLLLGHGPIRMV,1543.93,15.0,9.76,6.7,6.7,0.0,0.0,0.0,0.0,0.0,20.0,6.7,6.7,26.7,0.0,6.7,0.0,13.3,0.0,0.0,0.0,0.0,6.7,0.0,0.0,0.0,1.0,71.0,122.0,20.0,16.0,1.0,230.0,5.5,28.1,156.0,1.033,0.0,0.0
99,99,LVTCAKFACSKKMTG,1587.97,15.0,9.39,13.3,0.0,0.0,0.0,13.3,0.0,0.0,6.7,0.0,0.0,6.7,20.0,6.7,6.7,0.0,6.7,13.3,0.0,0.0,6.7,0.0,0.0,0.0,3.0,68.0,118.0,18.0,19.0,3.0,226.0,5.5,47.12,58.67,0.467,0.0,125.0
100,100,MAEVRSYCYEASISD,1723.89,15.0,4.14,13.3,6.7,0.0,6.7,6.7,0.0,13.3,0.0,0.0,6.7,0.0,0.0,6.7,0.0,0.0,20.0,0.0,0.0,13.3,6.7,0.0,0.0,3.0,1.0,72.0,110.0,18.0,27.0,2.0,229.0,30.0,41.83,58.67,-0.22,2980.0,2980.0
101,101,NNKEALVEFKDAHAK,1713.91,15.0,6.76,20.0,0.0,13.3,6.7,0.0,0.0,13.3,0.0,6.7,0.0,6.7,20.0,0.0,6.7,0.0,0.0,0.0,0.0,0.0,6.7,0.0,0.0,3.0,3.0,75.0,120.0,22.0,24.0,0.0,241.0,1.4,9.44,65.33,-1.08,0.0,0.0
102,102,PSLGLINRWGSVGKK,1611.91,15.0,11.17,0.0,6.7,6.7,0.0,0.0,0.0,0.0,20.0,0.0,6.7,13.3,13.3,0.0,0.0,6.7,13.3,0.0,6.7,0.0,6.7,0.0,0.0,0.0,3.0,73.0,122.0,22.0,19.0,0.0,236.0,20.0,42.13,97.33,-0.32,5500.0,5500.0
103,103,QILIGTLLMWLGLNT,1686.09,15.0,5.52,0.0,0.0,6.7,0.0,0.0,6.7,0.0,13.3,0.0,13.3,33.3,0.0,6.7,0.0,0.0,0.0,13.3,6.7,0.0,0.0,0.0,0.0,0.0,0.0,79.0,132.0,18.0,20.0,1.0,250.0,0.8,19.08,182.0,1.32,5500.0,5500.0
104,104,QYVCKRTLVDRGWGN,1795.05,15.0,9.31,0.0,13.3,6.7,6.7,6.7,6.7,0.0,13.3,0.0,0.0,6.7,6.7,0.0,0.0,0.0,0.0,6.7,6.7,6.7,13.3,0.0,0.0,1.0,3.0,78.0,123.0,25.0,22.0,1.0,249.0,0.8,0.99,64.67,-0.827,6990.0,6990.0
105,105,RIINARKEKKRRGAD,1811.12,15.0,11.57,13.3,26.7,6.7,6.7,0.0,0.0,6.7,6.7,0.0,13.3,0.0,20.0,0.0,0.0,0.0,0.0,0.0,0.0,0.0,0.0,0.0,0.0,2.0,7.0,75.0,139.0,31.0,21.0,0.0,266.0,1.0,52.27,65.33,-1.867,0.0,0.0
106,106,SGMIVNDTGHETDEN,1618.65,15.0,3.91,0.0,0.0,13.3,13.3,0.0,0.0,13.3,13.3,6.7,6.7,0.0,0.0,6.7,0.0,0.0,6.7,13.3,0.0,0.0,6.7,0.0,0.0,4.0,0.0,63.0,99.0,19.0,29.0,1.0,211.0,1.9,NIL,45.33,-1.107,0.0,0.0
107,107,SPFGGLKRLPAGLLL,1538.9,15.0,11.0,6.7,6.7,0.0,0.0,0.0,0.0,0.0,20.0,0.0,0.0,33.3,6.7,0.0,6.7,13.3,6.7,0.0,0.0,0.0,0.0,0.0,0.0,0.0,2.0,73.0,123.0,19.0,17.0,0.0,232.0,1.9,101.45,136.67,0.667,0.0,0.0
108,108,SPRAEATLGGFGSLG,1419.56,15.0,5.72,13.3,6.7,0.0,0.0,0.0,0.0,6.7,26.7,0.0,0.0,13.3,0.0,0.0,6.7,6.7,13.3,6.7,0.0,0.0,0.0,0.0,0.0,1.0,1.0,61.0,98.0,18.0,21.0,0.0,198.0,1.9,41.83,65.33,0.033,0.0,0.0
109,109,TAAFTFTKIPAETLH,1647.89,15.0,6.41,20.0,0.0,0.0,0.0,0.0,0.0,6.7,0.0,6.7,6.7,6.7,6.7,0.0,13.3,6.7,0.0,26.7,0.0,0.0,0.0,0.0,0.0,1.0,1.0,77.0,118.0,18.0,22.0,0.0,235.0,7.2,22.82,72.0,0.287,0.0,0.0
110,110,THHWHRSGSTIGKAF,1721.9,15.0,11.0,6.7,6.7,0.0,0.0,0.0,0.0,0.0,13.3,20.0,6.7,0.0,6.7,0.0,6.7,0.0,13.3,13.3,6.7,0.0,0.0,0.0,0.0,0.0,2.0,77.0,112.0,26.0,20.0,0.0,235.0,7.2,46.83,32.67,-0.907,5500.0,5500.0
111,111,TPHWNNKEALVEFKD,1828.01,15.0,5.41,6.7,0.0,13.3,6.7,0.0,0.0,13.3,0.0,6.7,0.0,6.7,13.3,0.0,6.7,6.7,0.0,6.7,6.7,0.0,6.7,0.0,0.0,3.0,2.0,83.0,122.0,22.0,25.0,0.0,252.0,7.2,21.41,52.0,-1.273,5500.0,5500.0
112,112,TVSNMAEVRSYCYEA,1722.91,15.0,4.53,13.3,6.7,6.7,0.0,6.7,0.0,13.3,0.0,0.0,0.0,0.0,0.0,6.7,0.0,0.0,13.3,6.7,0.0,13.3,13.3,0.0,0.0,2.0,1.0,72.0,111.0,19.0,26.0,2.0,230.0,7.2,41.83,52.0,-0.233,2980.0,2980.0
113,113,VHKEWFHDIPLPWHA,1912.18,15.0,6.26,6.7,0.0,0.0,6.7,0.0,0.0,6.7,0.0,20.0,6.7,6.7,6.7,0.0,6.7,13.3,0.0,0.0,13.3,0.0,6.7,0.0,0.0,2.0,1.0,94.0,126.0,24.0,20.0,0.0,264.0,100.0,39.89,78.0,-0.56,11000.0,11000.0
114,114,VNDTGHETDENRAKV,1684.74,15.0,4.75,6.7,6.7,13.3,13.3,0.0,0.0,13.3,6.7,6.7,0.0,0.0,6.7,0.0,0.0,0.0,0.0,13.3,0.0,0.0,13.3,0.0,0.0,4.0,2.0,67.0,109.0,23.0,28.0,0.0,227.0,100.0,NIL,45.33,-1.613,0.0,0.0
115,115,YLDKQSDTQYVCKRT,1848.06,15.0,8.15,0.0,6.7,0.0,13.3,6.7,13.3,0.0,0.0,0.0,0.0,6.7,13.3,0.0,0.0,0.0,6.7,13.3,0.0,13.3,6.7,0.0,0.0,2.0,3.0,79.0,126.0,22.0,27.0,1.0,255.0,2.8,50.41,45.33,-1.373,2980.0,2980.0
116,116,DVDCWCNTTSTWVVYGTCHH,2327.55,20.0,5.05,0.0,0.0,5.0,10.0,15.0,0.0,0.0,5.0,10.0,0.0,0.0,0.0,0.0,0.0,0.0,5.0,20.0,10.0,5.0,15.0,0.0,0.0,2.0,0.0,100.0,139.0,27.0,32.0,3.0,301.0,1.1,1.86,43.5,-0.195,12490.0,12615.0
117,117,EGATIGFSMDIDLRPASAWA,2108.35,20.0,4.03,20.0,5.0,0.0,10.0,0.0,0.0,5.0,10.0,0.0,10.0,5.0,0.0,5.0,5.0,5.0,10.0,5.0,5.0,0.0,0.0,0.0,0.0,3.0,1.0,93.0,142.0,24.0,30.0,1.0,290.0,1.0,26.63,78.5,0.205,5500.0,5500.0
118,118,GFRIVNMLKRGVARVSPFGG,2161.6,20.0,12.3,5.0,15.0,5.0,0.0,0.0,0.0,0.0,20.0,0.0,5.0,5.0,5.0,5.0,10.0,5.0,5.0,0.0,0.0,0.0,15.0,0.0,0.0,0.0,4.0,97.0,161.0,31.0,23.0,1.0,313.0,30.0,50.84,87.5,0.265,0.0,0.0
119,119,GLLIVSYVVSGKSVDMYIER,2228.63,20.0,6.07,0.0,5.0,0.0,5.0,0.0,0.0,5.0,10.0,0.0,10.0,10.0,5.0,5.0,0.0,0.0,15.0,0.0,0.0,10.0,20.0,0.0,0.0,2.0,2.0,101.0,166.0,24.0,30.0,1.0,322.0,30.0,27.3,136.0,0.705,2980.0,2980.0
120,120,KKFKKDLAAMLRIINARKEK,2401.99,20.0,10.66,15.0,10.0,5.0,5.0,0.0,0.0,5.0,0.0,0.0,10.0,10.0,30.0,5.0,5.0,0.0,0.0,0.0,0.0,0.0,0.0,0.0,0.0,2.0,8.0,108.0,193.0,33.0,26.0,1.0,361.0,1.3,11.62,93.0,-0.81,0.0,0.0
121,121,LLLGHGPIRMVLAILAFLRF,2250.86,20.0,12.0,10.0,10.0,0.0,0.0,0.0,0.0,0.0,10.0,5.0,10.0,30.0,0.0,5.0,10.0,5.0,0.0,0.0,0.0,0.0,5.0,0.0,0.0,0.0,2.0,109.0,180.0,28.0,21.0,1.0,339.0,5.5,23.58,180.5,1.625,0.0,0.0
122,122,LSHLMGRREEGATIGFSMDI,2220.55,20.0,5.45,5.0,10.0,0.0,5.0,0.0,0.0,10.0,15.0,5.0,10.0,10.0,0.0,10.0,5.0,0.0,10.0,5.0,0.0,0.0,0.0,0.0,0.0,3.0,2.0,94.0,154.0,28.0,30.0,2.0,308.0,5.5,50.2,83.0,-0.06,0.0,0.0
123,123,MRNKGIGKMGFGMVTLGASA,2026.46,20.0,11.17,10.0,5.0,5.0,0.0,0.0,0.0,0.0,25.0,0.0,5.0,5.0,10.0,15.0,5.0,0.0,5.0,5.0,0.0,0.0,5.0,0.0,0.0,0.0,3.0,86.0,148.0,26.0,24.0,3.0,287.0,30.0,18.81,63.5,0.265,0.0,0.0
124,124,MVLAILAFLRFTAIKPSLGL,2174.76,20.0,11.0,15.0,5.0,0.0,0.0,0.0,0.0,0.0,5.0,0.0,10.0,25.0,5.0,5.0,10.0,5.0,5.0,5.0,0.0,0.0,5.0,0.0,0.0,0.0,2.0,105.0,176.0,24.0,23.0,1.0,329.0,30.0,30.38,166.0,1.66,0.0,0.0
125,125,STWVVYGTCHHKKGEARRSR,2358.67,20.0,10.29,5.0,15.0,0.0,0.0,5.0,0.0,5.0,10.0,10.0,0.0,0.0,10.0,0.0,0.0,0.0,10.0,10.0,5.0,5.0,10.0,0.0,0.0,1.0,5.0,101.0,160.0,36.0,28.0,1.0,326.0,1.9,65.84,34.0,-1.225,6990.0,6990.0
